Workbook

Sheet Summary
A1: SUMMARY BY MACHINE / PROCESS
A3: Machine | B3: Cap Unit Qty | C3: Unit Cap. | D3: Cost / Unit | E3: Cost Unit Name | F3: Capacity (kg/month) | G3: Cost (THB/kg) | H3: Process
A4: CNC Plate 01 - Plasma | B4: ='CNC Plate 01'!B11 -> 36100.35 | C4: m/month | D4: ='CNC Plate 01'!F12 -> 14.814394 | E4: THB/m | F4: ='CNC Plate 01'!B13 -> 691324.41 | G4: ='CNC Plate 01'!F13 -> 0.77359456 | H4: Plasma
A5: CNC Plate 01 - Gas | B5: ='CNC Plate 01'!B29 -> 8446.68 | C5: m/month | D5: ='CNC Plate 01'!F25 -> 37.971548 | E5: THB/m | F5: ='CNC Plate 01'!B31 -> 394681.12 | G5: ='CNC Plate 01'!F26 -> 0.81263964 | H5: Gas
A6: CNC Plate 02 - Plasma | B6: ='CNC Plate 02'!B11 -> 36100.35 | C6: m/month | D6: ='CNC Plate 02'!F12 -> 14.814394 | E6: THB/m | F6: ='CNC Plate 02'!B13 -> 691324.41 | G6: ='CNC Plate 02'!F13 -> 0.77359456 | H6: Plasma
A7: CNC Plate 02 - Gas | B7: ='CNC Plate 02'!B29 -> 8446.68 | C7: m/month | D7: ='CNC Plate 02'!F25 -> 37.971548 | E7: THB/m | F7: ='CNC Plate 02'!B31 -> 394681.12 | G7: ='CNC Plate 02'!F26 -> 0.81263964 | H7: Gas
A8: CNC Pipe Plasma 01 | B8: ='CNC Pipe Plasma 01'!B12 -> 1425.6 | C8: m/month | D8: ='CNC Pipe Plasma 01'!F15 -> 48.571042 | E8: THB/m | F8: ='CNC Pipe Plasma 01'!B13 -> 45083.152 | G8: ='CNC Pipe Plasma 01'!F16 -> 1.5358926 | H8: Pipe
A9: CNC Pipe Plasma 02 | B9: ='CNC Pipe Plasma 02'!B12 -> 1425.6 | C9: m/month | D9: ='CNC Pipe Plasma 02'!F15 -> 48.571042 | E9: THB/m | F9: ='CNC Pipe Plasma 02'!B13 -> 45083.152 | G9: ='CNC Pipe Plasma 02'!F16 -> 1.5358926 | H9: Pipe
A10: CNC Pipe Plasma 03 | B10: ='CNC Pipe Plasma 03'!B12 -> 1425.6 | C10: m/month | D10: ='CNC Pipe Plasma 03'!F15 -> 48.571042 | E10: THB/m | F10: ='CNC Pipe Plasma 03'!B13 -> 45083.152 | G10: ='CNC Pipe Plasma 03'!F16 -> 1.5358926 | H10: Pipe
A11: SAW Machine | B11: ='SAW Machine'!B7 -> 13899.6 | C11: weld m/month | D11: ='SAW Machine'!F12 -> 59.378279 | E11: THB/weld m | F11: ='SAW Machine'!B8 -> 144926.5 | G11: ='SAW Machine'!F13 -> 5.6948478 | H11: SAW
A12: CNC Plate Drill | B12: ='CNC Plate Drill'!B7 -> 48770.526 | C12: hole/month | D12: ='CNC Plate Drill'!F12 -> 3.8642803 | E12: THB/hole | F12: ='CNC Plate Drill'!B9 -> 17069.684 | G12: ='CNC Plate Drill'!F13 -> 11.040801 | H12: Drilling
A13: Press Brake | B13: ='Press Brake'!B6 -> 22176 | C13: pc/month | D13: ='Press Brake'!F12 -> 8.832191 | E13: THB/pc | F13: ='Press Brake'!B8 -> 399168 | G13: ='Press Brake'!F13 -> 0.49067728 | H13: Bending
A14: Hydraulic Press | B14: ='Hydraulic Press'!B6 -> 53460 | C14: pc/month | D14: ='Hydraulic Press'!F12 -> 2.6225683 | E14: THB/pc | F14: ='Hydraulic Press'!B8 -> 320760 | G14: ='Hydraulic Press'!F13 -> 0.43709471 | H14: Punching
A15: Straightening Machine | B15: ='Straightening Machine'!B7 -> 49896 | C15: m/month | D15: ='Straightening Machine'!F12 -> 3.3476404 | E15: THB/m | F15: ='Straightening Machine'!B8 -> 182952 | G15: ='Straightening Machine'!F13 -> 0.91299284 | H15: Straightening
A16: Rod Threading Machine | B16: ='Rod Threading Machine'!B8 -> 25571.3 | C16: rod/month | D16: ='Rod Threading Machine'!F12 -> 1.9843488 | E16: THB/rod | F16: ='Rod Threading Machine'!B10 -> 6437.9121 | G16: ='Rod Threading Machine'!F13 -> 7.8818068 | H16: Threading

Sheet Main
A1: FACTORY MAIN INPUTS
A3: Working days / month | B3: 30 | C3: day
A4: Mon-Sat days / month | B4: 26 | C4: day
A5: Sunday / holiday days | B5: 4 | C5: day
A6: Mon-Sat hours / day | B6: 14 | C6: hr/day
A7: Sunday hours / day | B7: 8 | C7: hr/day
A8: Real working hrs / month | B8: =B4*B6+B5*B7 -> 396 | C8: hr/month
A9: Electricity rate | B9: 5 | C9: THB/kWh
A10: Compressed air rate | B10: 0.5 | C10: THB/Nm3
A11: Oxygen rate | B11: 12 | C11: THB/m3
A12: Fuel gas rate | B12: 28 | C12: THB/m3
A13: Water rate | B13: 20 | C13: THB/m3 | E13: Labor Structure
A14: Maintenance rate | B14: 0.03 | C14: %/month | E14: Operator monthly | F14: =B16 -> 575
A15: Depreciation life | B15: 60 | C15: months | E15: Skilled monthly | F15: =B17 -> 650
A16: Operator daily rate | B16: 575 | C16: THB/day | E16: Group Head monthly | F16: =B18 -> 750
A17: Skilled daily rate | B17: 650 | C17: THB/day
A18: Group Head daily rate | B18: 750 | C18: THB/day
A19: Operator monthly rate | B19: =B16*B3 -> 17250 | C19: THB/month
A20: Skilled monthly rate | B20: =B17*B3 -> 19500 | C20: THB/month
A21: Group Head monthly rate | B21: =B18*B3 -> 22500 | C21: THB/month
E24: Rebalance mode | F24: Capacity = Raw × OEE × Utilization
E25: Rule | F25: Avoid double loss (efficiency + OEE stacked)

Sheet CNC Plate 01
A1: CNC Plate 01
A3: Plasma Calculation | E3: Machine Inputs | F3: Value | G3: Unit | I3: Routing / Final | J3: Value | L3: Rebalance Model | M3: Value | N3: Note | O3: Note
A4: Selected thickness used | B4: =IF(OR(F4="NA",F4="",NOT(ISNUMBER(F4))),AVERAGE(5,20),MAX(5,MIN(20,F4))) -> 12.5 | C4: mm | E4: Selected thickness | F4: NA | G4: mm | I4: Thickness used | J4: =IF(OR(F4="NA",F4="",NOT(ISNUMBER(F4))),AVERAGE(5,20),F4) -> 12.5 | L4: OEE | M4: 0.68 | N4: Plate cutting realistic OEE | O4: 1 - lost time
A5: Active? | B5: =IF(OR(F4="NA",F4="",NOT(ISNUMBER(F4))),1,IF(F4<=20,1,0)) -> 1 | C5: flag | E5: Manpower | F5: 3 | G5: persons | I5: Active process | J5: =IF(OR(F4="NA",F4="",NOT(ISNUMBER(F4))),"BOTH",IF(F4<=20,"PLASMA","GAS")) -> BOTH | L5: Utilization | M5: 0.82 | N5: Loading / crane waiting | O5: speed loss
A6: Matched speed | B6: =IF(B4<=INDEX(Lookups!$A$3:$A$9,1),INDEX(Lookups!$B$3:$B$9,1),IF(B4>=INDEX(Lookups!$A$3:$A$9,ROWS(Lookups!$A$3:$A$9)),INDEX(Lookups!$B$3:$B$9,ROWS(Lookups!$B$3:$B$9)),INDEX(Lookups!$B$3:$B$9,MATCH(B4,Lookups!$A$3:$A$9,1))+(B4-INDEX(Lookups!$A$3:$A$9,MATCH(B4,Lookups!$A$3:$A$9,1)))*(INDEX(Lookups!$B$3:$B$9,MATCH(B4,Lookups!$A$3:$A$9,1)+1)-INDEX(Lookups!$B$3:$B$9,MATCH(B4,Lookups!$A$3:$A$9,1)))/(INDEX(Lookups!$A$3:$A$9,MATCH(B4,Lookups!$A$3:$A$9,1)+1)-INDEX(Lookups!$A$3:$A$9,MATCH(B4,Lookups!$A$3:$A$9,1))))) -> 2.3375 | C6: m/min | E6: Labor rate / person | F6: =Main!$B$13 -> 20 | G6: THB/month | I6: Final Capacity / month | J6: =IF(J5="PLASMA",B13,IF(J5="GAS",B31,B13+B31)) -> 1086005.5 | L6: Effective factor | M6: =M4*M5 -> 0.5576 | N6: Used in cap only | O6: good output ratio
A7: kWh / m | B7: =IF(B4<=INDEX(Lookups!$A$3:$A$9,1),INDEX(Lookups!$C$3:$C$9,1),IF(B4>=INDEX(Lookups!$A$3:$A$9,ROWS(Lookups!$A$3:$A$9)),INDEX(Lookups!$C$3:$C$9,ROWS(Lookups!$C$3:$C$9)),INDEX(Lookups!$C$3:$C$9,MATCH(B4,Lookups!$A$3:$A$9,1))+(B4-INDEX(Lookups!$A$3:$A$9,MATCH(B4,Lookups!$A$3:$A$9,1)))*(INDEX(Lookups!$C$3:$C$9,MATCH(B4,Lookups!$A$3:$A$9,1)+1)-INDEX(Lookups!$C$3:$C$9,MATCH(B4,Lookups!$A$3:$A$9,1)))/(INDEX(Lookups!$A$3:$A$9,MATCH(B4,Lookups!$A$3:$A$9,1)+1)-INDEX(Lookups!$A$3:$A$9,MATCH(B4,Lookups!$A$3:$A$9,1)))))*F9 -> 0.118375 | C7: kWh/m | E7: Efficiency Plasma | F7: 0.65 | G7: ratio | I7: Final Cost / kg | J7: =IF(J5="PLASMA",F13,IF(J5="GAS",F26,IF(B13+B31=0,0,(B13*F13+B31*F26)/(B13+B31)))) -> 0.7877845 | L7: OEE | M7: =M4*M5*M6 -> 0.31091776 | N7: A*P*Q
A8: Air / m | B8: =IF(B4<=INDEX(Lookups!$A$3:$A$9,1),INDEX(Lookups!$D$3:$D$9,1),IF(B4>=INDEX(Lookups!$A$3:$A$9,ROWS(Lookups!$A$3:$A$9)),INDEX(Lookups!$D$3:$D$9,ROWS(Lookups!$D$3:$D$9)),INDEX(Lookups!$D$3:$D$9,MATCH(B4,Lookups!$A$3:$A$9,1))+(B4-INDEX(Lookups!$A$3:$A$9,MATCH(B4,Lookups!$A$3:$A$9,1)))*(INDEX(Lookups!$D$3:$D$9,MATCH(B4,Lookups!$A$3:$A$9,1)+1)-INDEX(Lookups!$D$3:$D$9,MATCH(B4,Lookups!$A$3:$A$9,1)))/(INDEX(Lookups!$A$3:$A$9,MATCH(B4,Lookups!$A$3:$A$9,1)+1)-INDEX(Lookups!$A$3:$A$9,MATCH(B4,Lookups!$A$3:$A$9,1))))) -> 0.030375 | C8: Nm3/m | E8: Efficiency Gas | F8: 0.6 | G8: ratio
A9: Consumable / m | B9: =IF(B4<=INDEX(Lookups!$A$3:$A$9,1),INDEX(Lookups!$E$3:$E$9,1),IF(B4>=INDEX(Lookups!$A$3:$A$9,ROWS(Lookups!$A$3:$A$9)),INDEX(Lookups!$E$3:$E$9,ROWS(Lookups!$E$3:$E$9)),INDEX(Lookups!$E$3:$E$9,MATCH(B4,Lookups!$A$3:$A$9,1))+(B4-INDEX(Lookups!$A$3:$A$9,MATCH(B4,Lookups!$A$3:$A$9,1)))*(INDEX(Lookups!$E$3:$E$9,MATCH(B4,Lookups!$A$3:$A$9,1)+1)-INDEX(Lookups!$E$3:$E$9,MATCH(B4,Lookups!$A$3:$A$9,1)))/(INDEX(Lookups!$A$3:$A$9,MATCH(B4,Lookups!$A$3:$A$9,1)+1)-INDEX(Lookups!$A$3:$A$9,MATCH(B4,Lookups!$A$3:$A$9,1)))))*F10 -> 13.25 | C9: THB/m | E9: Power factor | F9: 1 | G9: factor
A10: Working hrs / month | B10: =Main!$B$8*F7 -> 257.4 | C10: hr | E10: Consumable factor | F10: 1 | G10: factor
A11: Length / month | B11: =B6*60*B10*B5 -> 36100.35 | C11: m
A12: kg / m | B12: =7.85*B4*0.35 -> 34.34375 | C12: kg/m | E12: Cost / m | F12: =IF(B11=0,"",SUM(B14:B19)/B11) -> 14.814394 | G12: THB/m
A13: Capacity / month | B13: =B11*B12*$M$6 -> 691324.41 | C13: kg | E13: Cost / kg | F13: =IF(B13=0,0,SUM(B14:B19)/B13) -> 0.77359456 | G13: THB/kg
A14: Labor / month | B14: =IF(OR(F5="NA",F5="",NOT(ISNUMBER(F5))),3,F5)*F6 -> 60 | C14: THB
A15: Electricity / month | B15: =B11*B7*Main!$B$9 -> 21366.895 | C15: THB
A16: Air / month | B16: =B11*B8*Main!$B$10 -> 548.27407 | C16: THB | I16: Machine Specification
A17: Consumable / month | B17: =B11*B9 -> 478329.64 | C17: THB | I17: Machine | J17: CNC Plate 01
A18: Maintenance / month | B18: =1800000*Main!$B$14/12 -> 4500 | C18: THB | I18: Model | J18: HNC-6000
A19: Depreciation / month | B19: =1800000/Main!$B$15 -> 30000 | C19: THB | I19: Type | J19: Plasma + Gas
I20: Width | J20: 5,200 mm
A21: Gas Calculation | I21: Length | J21: 20,000 mm
A22: Selected thickness used | B22: =IF(OR(F4="NA",F4="",NOT(ISNUMBER(F4))),AVERAGE(21,40),MAX(21,MIN(40,F4))) -> 30.5 | C22: mm | I22: Plasma range | J22: 1-30 mm
A23: Active? | B23: =IF(OR(F4="NA",F4="",NOT(ISNUMBER(F4))),1,IF(F4>20,1,0)) -> 1 | C23: flag | I23: Gas range | J23: 6-150 mm
A24: Matched speed | B24: =IF(B22<=INDEX(Lookups!$I$3:$I$6,1),INDEX(Lookups!$J$3:$J$6,1),IF(B22>=INDEX(Lookups!$I$3:$I$6,ROWS(Lookups!$I$3:$I$6)),INDEX(Lookups!$J$3:$J$6,ROWS(Lookups!$J$3:$J$6)),INDEX(Lookups!$J$3:$J$6,MATCH(B22,Lookups!$I$3:$I$6,1))+(B22-INDEX(Lookups!$I$3:$I$6,MATCH(B22,Lookups!$I$3:$I$6,1)))*(INDEX(Lookups!$J$3:$J$6,MATCH(B22,Lookups!$I$3:$I$6,1)+1)-INDEX(Lookups!$J$3:$J$6,MATCH(B22,Lookups!$I$3:$I$6,1)))/(INDEX(Lookups!$I$3:$I$6,MATCH(B22,Lookups!$I$3:$I$6,1)+1)-INDEX(Lookups!$I$3:$I$6,MATCH(B22,Lookups!$I$3:$I$6,1))))) -> 0.5925 | C24: m/min | I24: Remark | J24: Machine 01
A25: Oxygen / m | B25: =IF(B22<=INDEX(Lookups!$I$3:$I$6,1),INDEX(Lookups!$K$3:$K$6,1),IF(B22>=INDEX(Lookups!$I$3:$I$6,ROWS(Lookups!$I$3:$I$6)),INDEX(Lookups!$K$3:$K$6,ROWS(Lookups!$K$3:$K$6)),INDEX(Lookups!$K$3:$K$6,MATCH(B22,Lookups!$I$3:$I$6,1))+(B22-INDEX(Lookups!$I$3:$I$6,MATCH(B22,Lookups!$I$3:$I$6,1)))*(INDEX(Lookups!$K$3:$K$6,MATCH(B22,Lookups!$I$3:$I$6,1)+1)-INDEX(Lookups!$K$3:$K$6,MATCH(B22,Lookups!$I$3:$I$6,1)))/(INDEX(Lookups!$I$3:$I$6,MATCH(B22,Lookups!$I$3:$I$6,1)+1)-INDEX(Lookups!$I$3:$I$6,MATCH(B22,Lookups!$I$3:$I$6,1))))) -> 0.306 | C25: m3/m | E25: Cost / m | F25: =IF(B29=0,"",SUM(B32:B37)/B29) -> 37.971548 | G25: THB/m
A26: Fuel / m | B26: =IF(B22<=INDEX(Lookups!$I$3:$I$6,1),INDEX(Lookups!$L$3:$L$6,1),IF(B22>=INDEX(Lookups!$I$3:$I$6,ROWS(Lookups!$I$3:$I$6)),INDEX(Lookups!$L$3:$L$6,ROWS(Lookups!$L$3:$L$6)),INDEX(Lookups!$L$3:$L$6,MATCH(B22,Lookups!$I$3:$I$6,1))+(B22-INDEX(Lookups!$I$3:$I$6,MATCH(B22,Lookups!$I$3:$I$6,1)))*(INDEX(Lookups!$L$3:$L$6,MATCH(B22,Lookups!$I$3:$I$6,1)+1)-INDEX(Lookups!$L$3:$L$6,MATCH(B22,Lookups!$I$3:$I$6,1)))/(INDEX(Lookups!$I$3:$I$6,MATCH(B22,Lookups!$I$3:$I$6,1)+1)-INDEX(Lookups!$I$3:$I$6,MATCH(B22,Lookups!$I$3:$I$6,1))))) -> 0.061 | C26: m3/m | E26: Cost / kg | F26: =IF(B31=0,0,SUM(B32:B37)/B31) -> 0.81263964 | G26: THB/kg
A27: Consumable / m | B27: =IF(B22<=INDEX(Lookups!$I$3:$I$6,1),INDEX(Lookups!$M$3:$M$6,1),IF(B22>=INDEX(Lookups!$I$3:$I$6,ROWS(Lookups!$I$3:$I$6)),INDEX(Lookups!$M$3:$M$6,ROWS(Lookups!$M$3:$M$6)),INDEX(Lookups!$M$3:$M$6,MATCH(B22,Lookups!$I$3:$I$6,1))+(B22-INDEX(Lookups!$I$3:$I$6,MATCH(B22,Lookups!$I$3:$I$6,1)))*(INDEX(Lookups!$M$3:$M$6,MATCH(B22,Lookups!$I$3:$I$6,1)+1)-INDEX(Lookups!$M$3:$M$6,MATCH(B22,Lookups!$I$3:$I$6,1)))/(INDEX(Lookups!$I$3:$I$6,MATCH(B22,Lookups!$I$3:$I$6,1)+1)-INDEX(Lookups!$I$3:$I$6,MATCH(B22,Lookups!$I$3:$I$6,1)))))*F10 -> 28.5 | C27: THB/m
A28: Working hrs / month | B28: =Main!$B$8*F8 -> 237.6 | C28: hr
A29: Length / month | B29: =B24*60*B28*B23 -> 8446.68 | C29: m
A30: kg / m | B30: =7.85*B22*0.35 -> 83.79875 | C30: kg/m
A31: Capacity / month | B31: =B29*B30*$M$6 -> 394681.12 | C31: kg
A32: Labor / month | B32: =IF(OR(F5="NA",F5="",NOT(ISNUMBER(F5))),3,F5)*F6 -> 60 | C32: THB
A33: Oxygen / month | B33: =B29*B25*Main!$B$11 -> 31016.209 | C33: THB
A34: Fuel / month | B34: =B29*B26*Main!$B$12 -> 14426.929 | C34: THB
A35: Consumable / month | B35: =B29*B27 -> 240730.38 | C35: THB
A36: Maintenance / month | B36: =1800000*Main!$B$14/12 -> 4500 | C36: THB
A37: Depreciation / month | B37: =1800000/Main!$B$15 -> 30000 | C37: THB

Sheet CNC Plate 02
A1: CNC Plate 02
A3: Plasma Calculation | E3: Machine Inputs | F3: Value | G3: Unit | I3: Routing / Final | J3: Value | L3: Rebalance Model | M3: Value | N3: Note | O3: Note
A4: Selected thickness used | B4: =IF(OR(F4="NA",F4="",NOT(ISNUMBER(F4))),AVERAGE(5,20),MAX(5,MIN(20,F4))) -> 12.5 | C4: mm | E4: Selected thickness | F4: NA | G4: mm | I4: Thickness used | J4: =IF(OR(F4="NA",F4="",NOT(ISNUMBER(F4))),AVERAGE(5,20),F4) -> 12.5 | L4: OEE | M4: 0.68 | N4: Plate cutting realistic OEE | O4: 1 - lost time
A5: Active? | B5: =IF(OR(F4="NA",F4="",NOT(ISNUMBER(F4))),1,IF(F4<=20,1,0)) -> 1 | C5: flag | E5: Manpower | F5: 3 | G5: persons | I5: Active process | J5: =IF(OR(F4="NA",F4="",NOT(ISNUMBER(F4))),"BOTH",IF(F4<=20,"PLASMA","GAS")) -> BOTH | L5: Utilization | M5: 0.82 | N5: Loading / crane waiting | O5: speed loss
A6: Matched speed | B6: =IF(B4<=INDEX(Lookups!$A$3:$A$9,1),INDEX(Lookups!$B$3:$B$9,1),IF(B4>=INDEX(Lookups!$A$3:$A$9,ROWS(Lookups!$A$3:$A$9)),INDEX(Lookups!$B$3:$B$9,ROWS(Lookups!$B$3:$B$9)),INDEX(Lookups!$B$3:$B$9,MATCH(B4,Lookups!$A$3:$A$9,1))+(B4-INDEX(Lookups!$A$3:$A$9,MATCH(B4,Lookups!$A$3:$A$9,1)))*(INDEX(Lookups!$B$3:$B$9,MATCH(B4,Lookups!$A$3:$A$9,1)+1)-INDEX(Lookups!$B$3:$B$9,MATCH(B4,Lookups!$A$3:$A$9,1)))/(INDEX(Lookups!$A$3:$A$9,MATCH(B4,Lookups!$A$3:$A$9,1)+1)-INDEX(Lookups!$A$3:$A$9,MATCH(B4,Lookups!$A$3:$A$9,1))))) -> 2.3375 | C6: m/min | E6: Labor rate / person | F6: =Main!$B$13 -> 20 | G6: THB/month | I6: Final Capacity / month | J6: =IF(J5="PLASMA",B13,IF(J5="GAS",B31,B13+B31)) -> 1086005.5 | L6: Effective factor | M6: =M4*M5 -> 0.5576 | N6: Used in cap only | O6: good output ratio
A7: kWh / m | B7: =IF(B4<=INDEX(Lookups!$A$3:$A$9,1),INDEX(Lookups!$C$3:$C$9,1),IF(B4>=INDEX(Lookups!$A$3:$A$9,ROWS(Lookups!$A$3:$A$9)),INDEX(Lookups!$C$3:$C$9,ROWS(Lookups!$C$3:$C$9)),INDEX(Lookups!$C$3:$C$9,MATCH(B4,Lookups!$A$3:$A$9,1))+(B4-INDEX(Lookups!$A$3:$A$9,MATCH(B4,Lookups!$A$3:$A$9,1)))*(INDEX(Lookups!$C$3:$C$9,MATCH(B4,Lookups!$A$3:$A$9,1)+1)-INDEX(Lookups!$C$3:$C$9,MATCH(B4,Lookups!$A$3:$A$9,1)))/(INDEX(Lookups!$A$3:$A$9,MATCH(B4,Lookups!$A$3:$A$9,1)+1)-INDEX(Lookups!$A$3:$A$9,MATCH(B4,Lookups!$A$3:$A$9,1)))))*F9 -> 0.118375 | C7: kWh/m | E7: Efficiency Plasma | F7: 0.65 | G7: ratio | I7: Final Cost / kg | J7: =IF(J5="PLASMA",F13,IF(J5="GAS",F26,IF(B13+B31=0,0,(B13*F13+B31*F26)/(B13+B31)))) -> 0.7877845 | M7: OEE | N7: =N4*N5*N6 -> #VALUE! | O7: A*P*Q
A8: Air / m | B8: =IF(B4<=INDEX(Lookups!$A$3:$A$9,1),INDEX(Lookups!$D$3:$D$9,1),IF(B4>=INDEX(Lookups!$A$3:$A$9,ROWS(Lookups!$A$3:$A$9)),INDEX(Lookups!$D$3:$D$9,ROWS(Lookups!$D$3:$D$9)),INDEX(Lookups!$D$3:$D$9,MATCH(B4,Lookups!$A$3:$A$9,1))+(B4-INDEX(Lookups!$A$3:$A$9,MATCH(B4,Lookups!$A$3:$A$9,1)))*(INDEX(Lookups!$D$3:$D$9,MATCH(B4,Lookups!$A$3:$A$9,1)+1)-INDEX(Lookups!$D$3:$D$9,MATCH(B4,Lookups!$A$3:$A$9,1)))/(INDEX(Lookups!$A$3:$A$9,MATCH(B4,Lookups!$A$3:$A$9,1)+1)-INDEX(Lookups!$A$3:$A$9,MATCH(B4,Lookups!$A$3:$A$9,1))))) -> 0.030375 | C8: Nm3/m | E8: Efficiency Gas | F8: 0.6 | G8: ratio
A9: Consumable / m | B9: =IF(B4<=INDEX(Lookups!$A$3:$A$9,1),INDEX(Lookups!$E$3:$E$9,1),IF(B4>=INDEX(Lookups!$A$3:$A$9,ROWS(Lookups!$A$3:$A$9)),INDEX(Lookups!$E$3:$E$9,ROWS(Lookups!$E$3:$E$9)),INDEX(Lookups!$E$3:$E$9,MATCH(B4,Lookups!$A$3:$A$9,1))+(B4-INDEX(Lookups!$A$3:$A$9,MATCH(B4,Lookups!$A$3:$A$9,1)))*(INDEX(Lookups!$E$3:$E$9,MATCH(B4,Lookups!$A$3:$A$9,1)+1)-INDEX(Lookups!$E$3:$E$9,MATCH(B4,Lookups!$A$3:$A$9,1)))/(INDEX(Lookups!$A$3:$A$9,MATCH(B4,Lookups!$A$3:$A$9,1)+1)-INDEX(Lookups!$A$3:$A$9,MATCH(B4,Lookups!$A$3:$A$9,1)))))*F10 -> 13.25 | C9: THB/m | E9: Power factor | F9: 1 | G9: factor
A10: Working hrs / month | B10: =Main!$B$8*F7 -> 257.4 | C10: hr | E10: Consumable factor | F10: 1 | G10: factor
A11: Length / month | B11: =B6*60*B10*B5 -> 36100.35 | C11: m
A12: kg / m | B12: =7.85*B4*0.35 -> 34.34375 | C12: kg/m | E12: Cost / m | F12: =IF(B11=0,"",SUM(B14:B19)/B11) -> 14.814394 | G12: THB/m
A13: Capacity / month | B13: =B11*B12*$M$6 -> 691324.41 | C13: kg | E13: Cost / kg | F13: =IF(B13=0,0,SUM(B14:B19)/B13) -> 0.77359456 | G13: THB/kg
A14: Labor / month | B14: =IF(OR(F5="NA",F5="",NOT(ISNUMBER(F5))),3,F5)*F6 -> 60 | C14: THB
A15: Electricity / month | B15: =B11*B7*Main!$B$9 -> 21366.895 | C15: THB
A16: Air / month | B16: =B11*B8*Main!$B$10 -> 548.27407 | C16: THB | I16: Machine Specification
A17: Consumable / month | B17: =B11*B9 -> 478329.64 | C17: THB | I17: Machine | J17: CNC Plate 02
A18: Maintenance / month | B18: =1800000*Main!$B$14/12 -> 4500 | C18: THB | I18: Model | J18: HNC-6000
A19: Depreciation / month | B19: =1800000/Main!$B$15 -> 30000 | C19: THB | I19: Type | J19: Plasma + Gas
I20: Width | J20: 5,200 mm
A21: Gas Calculation | I21: Length | J21: 20,000 mm
A22: Selected thickness used | B22: =IF(OR(F4="NA",F4="",NOT(ISNUMBER(F4))),AVERAGE(21,40),MAX(21,MIN(40,F4))) -> 30.5 | C22: mm | I22: Plasma range | J22: 1-30 mm
A23: Active? | B23: =IF(OR(F4="NA",F4="",NOT(ISNUMBER(F4))),1,IF(F4>20,1,0)) -> 1 | C23: flag | I23: Gas range | J23: 6-150 mm
A24: Matched speed | B24: =IF(B22<=INDEX(Lookups!$I$3:$I$6,1),INDEX(Lookups!$J$3:$J$6,1),IF(B22>=INDEX(Lookups!$I$3:$I$6,ROWS(Lookups!$I$3:$I$6)),INDEX(Lookups!$J$3:$J$6,ROWS(Lookups!$J$3:$J$6)),INDEX(Lookups!$J$3:$J$6,MATCH(B22,Lookups!$I$3:$I$6,1))+(B22-INDEX(Lookups!$I$3:$I$6,MATCH(B22,Lookups!$I$3:$I$6,1)))*(INDEX(Lookups!$J$3:$J$6,MATCH(B22,Lookups!$I$3:$I$6,1)+1)-INDEX(Lookups!$J$3:$J$6,MATCH(B22,Lookups!$I$3:$I$6,1)))/(INDEX(Lookups!$I$3:$I$6,MATCH(B22,Lookups!$I$3:$I$6,1)+1)-INDEX(Lookups!$I$3:$I$6,MATCH(B22,Lookups!$I$3:$I$6,1))))) -> 0.5925 | C24: m/min | I24: Remark | J24: Machine 02
A25: Oxygen / m | B25: =IF(B22<=INDEX(Lookups!$I$3:$I$6,1),INDEX(Lookups!$K$3:$K$6,1),IF(B22>=INDEX(Lookups!$I$3:$I$6,ROWS(Lookups!$I$3:$I$6)),INDEX(Lookups!$K$3:$K$6,ROWS(Lookups!$K$3:$K$6)),INDEX(Lookups!$K$3:$K$6,MATCH(B22,Lookups!$I$3:$I$6,1))+(B22-INDEX(Lookups!$I$3:$I$6,MATCH(B22,Lookups!$I$3:$I$6,1)))*(INDEX(Lookups!$K$3:$K$6,MATCH(B22,Lookups!$I$3:$I$6,1)+1)-INDEX(Lookups!$K$3:$K$6,MATCH(B22,Lookups!$I$3:$I$6,1)))/(INDEX(Lookups!$I$3:$I$6,MATCH(B22,Lookups!$I$3:$I$6,1)+1)-INDEX(Lookups!$I$3:$I$6,MATCH(B22,Lookups!$I$3:$I$6,1))))) -> 0.306 | C25: m3/m | E25: Cost / m | F25: =IF(B29=0,"",SUM(B32:B37)/B29) -> 37.971548 | G25: THB/m
A26: Fuel / m | B26: =IF(B22<=INDEX(Lookups!$I$3:$I$6,1),INDEX(Lookups!$L$3:$L$6,1),IF(B22>=INDEX(Lookups!$I$3:$I$6,ROWS(Lookups!$I$3:$I$6)),INDEX(Lookups!$L$3:$L$6,ROWS(Lookups!$L$3:$L$6)),INDEX(Lookups!$L$3:$L$6,MATCH(B22,Lookups!$I$3:$I$6,1))+(B22-INDEX(Lookups!$I$3:$I$6,MATCH(B22,Lookups!$I$3:$I$6,1)))*(INDEX(Lookups!$L$3:$L$6,MATCH(B22,Lookups!$I$3:$I$6,1)+1)-INDEX(Lookups!$L$3:$L$6,MATCH(B22,Lookups!$I$3:$I$6,1)))/(INDEX(Lookups!$I$3:$I$6,MATCH(B22,Lookups!$I$3:$I$6,1)+1)-INDEX(Lookups!$I$3:$I$6,MATCH(B22,Lookups!$I$3:$I$6,1))))) -> 0.061 | C26: m3/m | E26: Cost / kg | F26: =IF(B31=0,0,SUM(B32:B37)/B31) -> 0.81263964 | G26: THB/kg
A27: Consumable / m | B27: =IF(B22<=INDEX(Lookups!$I$3:$I$6,1),INDEX(Lookups!$M$3:$M$6,1),IF(B22>=INDEX(Lookups!$I$3:$I$6,ROWS(Lookups!$I$3:$I$6)),INDEX(Lookups!$M$3:$M$6,ROWS(Lookups!$M$3:$M$6)),INDEX(Lookups!$M$3:$M$6,MATCH(B22,Lookups!$I$3:$I$6,1))+(B22-INDEX(Lookups!$I$3:$I$6,MATCH(B22,Lookups!$I$3:$I$6,1)))*(INDEX(Lookups!$M$3:$M$6,MATCH(B22,Lookups!$I$3:$I$6,1)+1)-INDEX(Lookups!$M$3:$M$6,MATCH(B22,Lookups!$I$3:$I$6,1)))/(INDEX(Lookups!$I$3:$I$6,MATCH(B22,Lookups!$I$3:$I$6,1)+1)-INDEX(Lookups!$I$3:$I$6,MATCH(B22,Lookups!$I$3:$I$6,1)))))*F10 -> 28.5 | C27: THB/m
A28: Working hrs / month | B28: =Main!$B$8*F8 -> 237.6 | C28: hr
A29: Length / month | B29: =B24*60*B28*B23 -> 8446.68 | C29: m
A30: kg / m | B30: =7.85*B22*0.35 -> 83.79875 | C30: kg/m
A31: Capacity / month | B31: =B29*B30*$M$6 -> 394681.12 | C31: kg
A32: Labor / month | B32: =IF(OR(F5="NA",F5="",NOT(ISNUMBER(F5))),3,F5)*F6 -> 60 | C32: THB
A33: Oxygen / month | B33: =B29*B25*Main!$B$11 -> 31016.209 | C33: THB
A34: Fuel / month | B34: =B29*B26*Main!$B$12 -> 14426.929 | C34: THB
A35: Consumable / month | B35: =B29*B27 -> 240730.38 | C35: THB
A36: Maintenance / month | B36: =1800000*Main!$B$14/12 -> 4500 | C36: THB
A37: Depreciation / month | B37: =1800000/Main!$B$15 -> 30000 | C37: THB

Sheet CNC Pipe Plasma 01
A1: CNC Pipe Plasma 01
A3: Pipe Calculation | E3: Machine Inputs | F3: Value | G3: Unit | H3: Helper | I3: Value | K3: Labor Mix Model | L3: Rebalance Model | M3: Value | N3: Note | O3: Note
A4: Pipe size used | B4: =F4 -> 6 | C4: inch | E4: Pipe size | F4: 6 | G4: inch | H4: Start row | I4: =IF(F4=1.5,3,IF(F4=2,6,IF(F4=3,9,IF(F4=4,12,IF(F4=6,15,IF(F4=8,18,IF(F4=10,21,IF(F4=12,24,15)))))))) -> 15 | K4: Operator mix % | L4: OEE | M4: 0.82 | N4: Pipe cutting practical OEE | O4: 1 - lost time
A5: Thickness used | B5: =IF(OR(F5="NA",F5="",NOT(ISNUMBER(F5))),SUMPRODUCT((Lookups_Pipe!$A$3:$A$26=F4)*Lookups_Pipe!$C$3:$C$26)/COUNTIF(Lookups_Pipe!$A$3:$A$26,F4),F5) -> 8 | C5: mm | E5: Thickness | F5: NA | G5: mm | H5: End row | I5: =IF(F4=1.5,5,IF(F4=2,8,IF(F4=3,11,IF(F4=4,14,IF(F4=6,17,IF(F4=8,20,IF(F4=10,23,IF(F4=12,26,17)))))))) -> 17 | K5: Skilled mix % | L5: Utilization | M5: 0.95 | N5: Shared handling / loading | O5: speed loss
A6: Mode | B6: =I9 -> Exact | E6: Manpower | F6: 2 | G6: persons | H6: Thickness used | I6: =IF(OR(F5="NA",F5="",NOT(ISNUMBER(F5))),AVERAGE(INDEX(Lookups_Pipe!$C:$C,I4):INDEX(Lookups_Pipe!$C:$C,I5)),F5) -> 8 | K6: Group Head mix % | L6: Effective factor | M6: =M4*M5 -> 0.779 | N6: Used in cap only | O6: good output ratio
A7: OD used | B7: =I10 -> 168.3 | C7: mm | E7: Labor rate / person | F7: =Main!$B$19 -> 17250 | G7: THB/month | H7: Lower row | I7: =MAX(I4,IFERROR(MATCH(I6,INDEX(Lookups_Pipe!$C:$C,I4):INDEX(Lookups_Pipe!$C:$C,I5),1)+I4-1,I4)) -> 16 | K7: Mix check | L7: =SUM(L4:L6) -> 0 | M7: OEE | N7: =N4*N5*N6 -> #VALUE! | O7: A*P*Q
A8: Speed used | B8: =I11 -> 0.1 | C8: m/min | E8: Efficiency | F8: 0.6 | G8: ratio | H8: Upper row | I8: =MIN(I7+1,I5) -> 17 | K8: Weighted labor rate | L8: =L4*Main!$B$19 + L5*Main!$B$20 + L6*Main!$B$21 -> #VALUE! | M8: THB/month
A9: Consumable / m | B9: =I12 -> 13 | C9: THB/m | E9: Power factor | F9: 1 | G9: factor | H9: Mode | I9: =IF(COUNTIF(INDEX(Lookups_Pipe!$C:$C,I4):INDEX(Lookups_Pipe!$C:$C,I5),I6)>0,"Exact",IF(OR(F5="NA",F5="",NOT(ISNUMBER(F5))),"Average",IF(I7=I8,"Closest","Interpolate"))) -> Exact
A10: kg / m | B10: =0.02466*B5*(B7-B5) -> 31.623984 | C10: kg/m | E10: Consumable factor | F10: 1 | G10: factor | H10: OD used | I10: =INDEX(Lookups_Pipe!$B:$B,I4) -> 168.3
A11: Real working hrs / month | B11: =Main!$B$8*F8 -> 237.6 | C11: hr | H11: Speed used | I11: =IF(I7=I8,INDEX(Lookups_Pipe!$D:$D,I7),INDEX(Lookups_Pipe!$D:$D,I7)+(I6-INDEX(Lookups_Pipe!$C:$C,I7))*(INDEX(Lookups_Pipe!$D:$D,I8)-INDEX(Lookups_Pipe!$D:$D,I7))/(INDEX(Lookups_Pipe!$C:$C,I8)-INDEX(Lookups_Pipe!$C:$C,I7))) -> 0.1
A12: Length / month | B12: =B11*B8*60 -> 1425.6 | C12: m | H12: Consumable / m | I12: =IF(I7=I8,INDEX(Lookups_Pipe!$G:$G,I7),INDEX(Lookups_Pipe!$G:$G,I7)+(I6-INDEX(Lookups_Pipe!$C:$C,I7))*(INDEX(Lookups_Pipe!$G:$G,I8)-INDEX(Lookups_Pipe!$G:$G,I7))/(INDEX(Lookups_Pipe!$C:$C,I8)-INDEX(Lookups_Pipe!$C:$C,I7)))*F10 -> 13
A13: Real Capacity / month | B13: =B10*B12 -> 45083.152 | C13: kg
A14: Labor / month | B14: =IF(OR(F6="NA",F6="",NOT(ISNUMBER(F6))),3,F6)*F7 -> 34500 | C14: THB
A15: Electricity / month | B15: =B12*0.12*Main!$B$9*F9 -> 855.36 | C15: THB | E15: Cost / m | F15: =IF(B12=0,0,SUM(B14:B19)/B12) -> 48.571042 | G15: THB/m | H15: Machine Specification
A16: Air / month | B16: =B12*0.03*Main!$B$10 -> 21.384 | C16: THB | E16: Cost / kg | F16: =IF(B13=0,0,SUM(B14:B19)/B13) -> 1.5358926 | G16: THB/kg | H16: Machine | I16: CNC Pipe Plasma 01
A17: Consumable / month | B17: =B12*B9 -> 18532.8 | C17: THB | H17: Model | I17: XG-300J
A18: Maintenance / month | B18: =800000*Main!$B$14/12 -> 2000 | C18: THB | H18: Pipe range | I18: 1.5" - 12"
A19: Depreciation / month | B19: =800000/Main!$B$15 -> 13333.333 | C19: THB | H19: Type | I19: Pipe Plasma
H20: Length | I20: 12,000 mm
H21: Note | I21: Clean interpolation model

Sheet CNC Pipe Plasma 03
A1: CNC Pipe Plasma 03
A3: Pipe Calculation | E3: Machine Inputs | F3: Value | G3: Unit | H3: Helper | I3: Value | K3: Labor Mix Model | L3: Rebalance Model | M3: Value | N3: Note | O3: Note
A4: Pipe size used | B4: =F4 -> 6 | C4: inch | E4: Pipe size | F4: 6 | G4: inch | H4: Start row | I4: =IF(F4=1.5,3,IF(F4=2,6,IF(F4=3,9,IF(F4=4,12,IF(F4=6,15,IF(F4=8,18,IF(F4=10,21,IF(F4=12,24,15)))))))) -> 15 | K4: Operator mix % | L4: OEE | M4: 0.82 | N4: Pipe cutting practical OEE | O4: 1 - lost time
A5: Thickness used | B5: =IF(OR(F5="NA",F5="",NOT(ISNUMBER(F5))),SUMPRODUCT((Lookups_Pipe!$A$3:$A$26=F4)*Lookups_Pipe!$C$3:$C$26)/COUNTIF(Lookups_Pipe!$A$3:$A$26,F4),F5) -> 8 | C5: mm | E5: Thickness | F5: NA | G5: mm | H5: End row | I5: =IF(F4=1.5,5,IF(F4=2,8,IF(F4=3,11,IF(F4=4,14,IF(F4=6,17,IF(F4=8,20,IF(F4=10,23,IF(F4=12,26,17)))))))) -> 17 | K5: Skilled mix % | L5: Utilization | M5: 0.95 | N5: Shared handling / loading | O5: speed loss
A6: Mode | B6: =I9 -> Exact | E6: Manpower | F6: 2 | G6: persons | H6: Thickness used | I6: =IF(OR(F5="NA",F5="",NOT(ISNUMBER(F5))),AVERAGE(INDEX(Lookups_Pipe!$C:$C,I4):INDEX(Lookups_Pipe!$C:$C,I5)),F5) -> 8 | K6: Group Head mix % | L6: Effective factor | M6: =M4*M5 -> 0.779 | N6: Used in cap only | O6: good output ratio
A7: OD used | B7: =I10 -> 168.3 | C7: mm | E7: Labor rate / person | F7: =Main!$B$19 -> 17250 | G7: THB/month | H7: Lower row | I7: =MAX(I4,IFERROR(MATCH(I6,INDEX(Lookups_Pipe!$C:$C,I4):INDEX(Lookups_Pipe!$C:$C,I5),1)+I4-1,I4)) -> 16 | K7: Mix check | L7: =SUM(L4:L6) -> 0 | M7: OEE | N7: =N4*N5*N6 -> #VALUE! | O7: A*P*Q
A8: Speed used | B8: =I11 -> 0.1 | C8: m/min | E8: Efficiency | F8: 0.6 | G8: ratio | H8: Upper row | I8: =MIN(I7+1,I5) -> 17 | K8: Weighted labor rate | L8: =L4*Main!$B$19 + L5*Main!$B$20 + L6*Main!$B$21 -> #VALUE! | M8: THB/month
A9: Consumable / m | B9: =I12 -> 13 | C9: THB/m | E9: Power factor | F9: 1 | G9: factor | H9: Mode | I9: =IF(COUNTIF(INDEX(Lookups_Pipe!$C:$C,I4):INDEX(Lookups_Pipe!$C:$C,I5),I6)>0,"Exact",IF(OR(F5="NA",F5="",NOT(ISNUMBER(F5))),"Average",IF(I7=I8,"Closest","Interpolate"))) -> Exact
A10: kg / m | B10: =0.02466*B5*(B7-B5) -> 31.623984 | C10: kg/m | E10: Consumable factor | F10: 1 | G10: factor | H10: OD used | I10: =INDEX(Lookups_Pipe!$B:$B,I4) -> 168.3
A11: Real working hrs / month | B11: =Main!$B$8*F8 -> 237.6 | C11: hr | H11: Speed used | I11: =IF(I7=I8,INDEX(Lookups_Pipe!$D:$D,I7),INDEX(Lookups_Pipe!$D:$D,I7)+(I6-INDEX(Lookups_Pipe!$C:$C,I7))*(INDEX(Lookups_Pipe!$D:$D,I8)-INDEX(Lookups_Pipe!$D:$D,I7))/(INDEX(Lookups_Pipe!$C:$C,I8)-INDEX(Lookups_Pipe!$C:$C,I7))) -> 0.1
A12: Length / month | B12: =B11*B8*60 -> 1425.6 | C12: m | H12: Consumable / m | I12: =IF(I7=I8,INDEX(Lookups_Pipe!$G:$G,I7),INDEX(Lookups_Pipe!$G:$G,I7)+(I6-INDEX(Lookups_Pipe!$C:$C,I7))*(INDEX(Lookups_Pipe!$G:$G,I8)-INDEX(Lookups_Pipe!$G:$G,I7))/(INDEX(Lookups_Pipe!$C:$C,I8)-INDEX(Lookups_Pipe!$C:$C,I7)))*F10 -> 13
A13: Real Capacity / month | B13: =B10*B12 -> 45083.152 | C13: kg
A14: Labor / month | B14: =IF(OR(F6="NA",F6="",NOT(ISNUMBER(F6))),3,F6)*F7 -> 34500 | C14: THB
A15: Electricity / month | B15: =B12*0.12*Main!$B$9*F9 -> 855.36 | C15: THB | E15: Cost / m | F15: =IF(B12=0,0,SUM(B14:B19)/B12) -> 48.571042 | G15: THB/m | H15: Machine Specification
A16: Air / month | B16: =B12*0.03*Main!$B$10 -> 21.384 | C16: THB | E16: Cost / kg | F16: =IF(B13=0,0,SUM(B14:B19)/B13) -> 1.5358926 | G16: THB/kg | H16: Machine | I16: CNC Pipe Plasma 03
A17: Consumable / month | B17: =B12*B9 -> 18532.8 | C17: THB | H17: Model | I17: XG-300J
A18: Maintenance / month | B18: =800000*Main!$B$14/12 -> 2000 | C18: THB | H18: Pipe range | I18: 1.5" - 12"
A19: Depreciation / month | B19: =800000/Main!$B$15 -> 13333.333 | C19: THB | H19: Type | I19: Pipe Plasma
H20: Length | I20: 12,000 mm
H21: Note | I21: Clean interpolation model

Sheet CNC Pipe Plasma 02
A1: CNC Pipe Plasma 02
A3: Pipe Calculation | E3: Machine Inputs | F3: Value | G3: Unit | H3: Helper | I3: Value | K3: Labor Mix Model | L3: Rebalance Model | M3: Value | N3: Note | O3: Note
A4: Pipe size used | B4: =F4 -> 6 | C4: inch | E4: Pipe size | F4: 6 | G4: inch | H4: Start row | I4: =IF(F4=1.5,3,IF(F4=2,6,IF(F4=3,9,IF(F4=4,12,IF(F4=6,15,IF(F4=8,18,IF(F4=10,21,IF(F4=12,24,15)))))))) -> 15 | K4: Operator mix % | L4: OEE | M4: 0.82 | N4: Pipe cutting practical OEE | O4: 1 - lost time
A5: Thickness used | B5: =IF(OR(F5="NA",F5="",NOT(ISNUMBER(F5))),SUMPRODUCT((Lookups_Pipe!$A$3:$A$26=F4)*Lookups_Pipe!$C$3:$C$26)/COUNTIF(Lookups_Pipe!$A$3:$A$26,F4),F5) -> 8 | C5: mm | E5: Thickness | F5: NA | G5: mm | H5: End row | I5: =IF(F4=1.5,5,IF(F4=2,8,IF(F4=3,11,IF(F4=4,14,IF(F4=6,17,IF(F4=8,20,IF(F4=10,23,IF(F4=12,26,17)))))))) -> 17 | K5: Skilled mix % | L5: Utilization | M5: 0.95 | N5: Shared handling / loading | O5: speed loss
A6: Mode | B6: =I9 -> Exact | E6: Manpower | F6: 2 | G6: persons | H6: Thickness used | I6: =IF(OR(F5="NA",F5="",NOT(ISNUMBER(F5))),AVERAGE(INDEX(Lookups_Pipe!$C:$C,I4):INDEX(Lookups_Pipe!$C:$C,I5)),F5) -> 8 | K6: Group Head mix % | L6: Effective factor | M6: =M4*M5 -> 0.779 | N6: Used in cap only | O6: good output ratio
A7: OD used | B7: =I10 -> 168.3 | C7: mm | E7: Labor rate / person | F7: =Main!$B$19 -> 17250 | G7: THB/month | H7: Lower row | I7: =MAX(I4,IFERROR(MATCH(I6,INDEX(Lookups_Pipe!$C:$C,I4):INDEX(Lookups_Pipe!$C:$C,I5),1)+I4-1,I4)) -> 16 | K7: Mix check | L7: =SUM(L4:L6) -> 0 | M7: OEE | N7: =N4*N5*N6 -> #VALUE! | O7: A*P*Q
A8: Speed used | B8: =I11 -> 0.1 | C8: m/min | E8: Efficiency | F8: 0.6 | G8: ratio | H8: Upper row | I8: =MIN(I7+1,I5) -> 17 | K8: Weighted labor rate | L8: =L4*Main!$B$19 + L5*Main!$B$20 + L6*Main!$B$21 -> #VALUE! | M8: THB/month
A9: Consumable / m | B9: =I12 -> 13 | C9: THB/m | E9: Power factor | F9: 1 | G9: factor | H9: Mode | I9: =IF(COUNTIF(INDEX(Lookups_Pipe!$C:$C,I4):INDEX(Lookups_Pipe!$C:$C,I5),I6)>0,"Exact",IF(OR(F5="NA",F5="",NOT(ISNUMBER(F5))),"Average",IF(I7=I8,"Closest","Interpolate"))) -> Exact
A10: kg / m | B10: =0.02466*B5*(B7-B5) -> 31.623984 | C10: kg/m | E10: Consumable factor | F10: 1 | G10: factor | H10: OD used | I10: =INDEX(Lookups_Pipe!$B:$B,I4) -> 168.3
A11: Real working hrs / month | B11: =Main!$B$8*F8 -> 237.6 | C11: hr | H11: Speed used | I11: =IF(I7=I8,INDEX(Lookups_Pipe!$D:$D,I7),INDEX(Lookups_Pipe!$D:$D,I7)+(I6-INDEX(Lookups_Pipe!$C:$C,I7))*(INDEX(Lookups_Pipe!$D:$D,I8)-INDEX(Lookups_Pipe!$D:$D,I7))/(INDEX(Lookups_Pipe!$C:$C,I8)-INDEX(Lookups_Pipe!$C:$C,I7))) -> 0.1
A12: Length / month | B12: =B11*B8*60 -> 1425.6 | C12: m | H12: Consumable / m | I12: =IF(I7=I8,INDEX(Lookups_Pipe!$G:$G,I7),INDEX(Lookups_Pipe!$G:$G,I7)+(I6-INDEX(Lookups_Pipe!$C:$C,I7))*(INDEX(Lookups_Pipe!$G:$G,I8)-INDEX(Lookups_Pipe!$G:$G,I7))/(INDEX(Lookups_Pipe!$C:$C,I8)-INDEX(Lookups_Pipe!$C:$C,I7)))*F10 -> 13
A13: Real Capacity / month | B13: =B10*B12 -> 45083.152 | C13: kg
A14: Labor / month | B14: =IF(OR(F6="NA",F6="",NOT(ISNUMBER(F6))),3,F6)*F7 -> 34500 | C14: THB
A15: Electricity / month | B15: =B12*0.12*Main!$B$9*F9 -> 855.36 | C15: THB | E15: Cost / m | F15: =IF(B12=0,0,SUM(B14:B19)/B12) -> 48.571042 | G15: THB/m | H15: Machine Specification
A16: Air / month | B16: =B12*0.03*Main!$B$10 -> 21.384 | C16: THB | E16: Cost / kg | F16: =IF(B13=0,0,SUM(B14:B19)/B13) -> 1.5358926 | G16: THB/kg | H16: Machine | I16: CNC Pipe Plasma 02
A17: Consumable / month | B17: =B12*B9 -> 18532.8 | C17: THB | H17: Model | I17: XG-300J
A18: Maintenance / month | B18: =800000*Main!$B$14/12 -> 2000 | C18: THB | H18: Pipe range | I18: 1.5" - 12"
A19: Depreciation / month | B19: =800000/Main!$B$15 -> 13333.333 | C19: THB | H19: Type | I19: Pipe Plasma
H20: Length | I20: 12,000 mm
H21: Note | I21: Clean interpolation model

Sheet SAW Machine
A1: SAW Machine
A3: Calculation | B3: Value | C3: Unit | E3: Machine Inputs | F3: Value | G3: Unit | K3: Labor Mix Model | L3: Rebalance Model | M3: Value | N3: Note | O3: Note
A4: Weld speed used | B4: =IF(OR(F9="NA",F9="",NOT(ISNUMBER(F9))),0.9,F9) -> 0.9 | C4: m/min | E4: Manpower | F4: 2 | G4: persons | K4: Operator mix % | L4: OEE | M4: 0.68 | N4: SAW balanced OEE | O4: 1 - lost time
A5: Weld length factor used | B5: =IF(OR(F10="NA",F10="",NOT(ISNUMBER(F10))),0.12,F10) -> 0.12 | C5: m/kg | E5: Labor rate / person | F5: =Main!$B$19 -> 17250 | G5: THB/month | K5: Skilled mix % | L5: Utilization | M5: 0.92 | N5: Line loading realistic | O5: speed loss
A6: Working hrs / month | B6: =Main!$B$8*F6 -> 257.4 | C6: hr | E6: Efficiency | F6: 0.65 | G6: ratio | K6: Group Head mix % | L6: Effective factor | M6: =M4*M5 -> 0.6256 | N6: Used in cap only | O6: good output ratio
A7: Weld length / month | B7: =B4*60*B6 -> 13899.6 | C7: m | E7: Power factor | F7: 1 | G7: factor | K7: Mix check | M7: =SUM(M4:M6) -> 2.2256
A8: Capacity / month | B8: =2*B7/B5*$M$6 -> 144926.5 | C8: kg | E8: Consumable factor | F8: 1 | G8: factor | K8: OEE | M8: =M4*M5*M6 -> 0.39137536 | N8: A*P*Q
A9: Labor / month | B9: =IF(OR(F4="NA",F4="",NOT(ISNUMBER(F4))),3,F4)*F5 -> 34500 | C9: THB | E9: Weld speed | F9: NA | G9: m/min | K9: Weighted labor rate | M9: =M4*Main!$B$19 + M5*Main!$B$20 + M6*Main!$B$21 -> 43746 | N9: THB/month
A10: Electricity / month | B10: =B6*95*Main!$B$9*F7 -> 122265 | C10: THB | E10: Weld length factor | F10: NA | G10: m/kg
A11: Wire + Flux / month | B11: =B7*35*F8 -> 486486 | C11: THB
A12: Maintenance / month | B12: =9500000*Main!$B$14/12 -> 23750 | C12: THB | E12: Cost / m weld | F12: =IF(B7=0,0,SUM(B9:B13)/B7) -> 59.378279 | G12: THB/m
A13: Depreciation / month | B13: =9500000/Main!$B$15 -> 158333.33 | C13: THB | E13: Cost / kg | F13: =IF(B8=0,0,SUM(B9:B13)/B8) -> 5.6948478 | G13: THB/kg
H15: Machine Specification
H16: Machine | I16: SAW Gantry
H17: Model | I17: LMH-4000
H18: Web height | I18: 200-1500 mm
H19: Flange width | I19: 200-800 mm
H20: Speed | I20: 0.25-1.5 m/min
H21: Power | I21: 3.8 kW gantry + 2x MZ-1250

Sheet CNC Plate Drill
A1: CNC Plate Drill
A3: Calculation | B3: Value | C3: Unit | E3: Machine Inputs | F3: Value | G3: Unit | K3: Labor Mix Model | L3: Rebalance Model | M3: Value | N3: Note | O3: Note
A4: Hole dia used | B4: =IF(OR(F9="NA",F9="",NOT(ISNUMBER(F9))),AVERAGE(Lookups!$P$3:$P$11),F9) -> 25.333333 | C4: mm | E4: Manpower | F4: 2 | G4: persons | K4: Operator mix % | L4: OEE | M4: 0.82 | N4: Drill realistic OEE | O4: 1 - lost time
A5: Sec / hole | B5: =INDEX(Lookups!$Q$3:$Q$11,MATCH(B4,Lookups!$P$3:$P$11,1)) -> 19 | C5: sec | E5: Labor rate / person | F5: =Main!$B$19 -> 17250 | G5: THB/month | K5: Skilled mix % | L5: Utilization | M5: 0.95 | N5: Positioning / tool change | O5: speed loss
A6: Working hrs / month | B6: =Main!$B$8*F6 -> 257.4 | C6: hr | E6: Efficiency | F6: 0.65 | G6: ratio | K6: Group Head mix % | L6: Effective factor | M6: =M4*M5 -> 0.779 | N6: Used in cap only | O6: good output ratio
A7: Holes / month | B7: =3600/B5*B6 -> 48770.526 | C7: hole | E7: Power factor | F7: 1 | G7: factor | K7: Mix check | L7: =SUM(L4:L6) -> 0 | M7: OEE | N7: =N4*N5*N6 -> #VALUE! | O7: A*P*Q
A8: kg equivalent / hole | B8: 0.35 | C8: kg/hole | E8: Consumable factor | F8: 1 | G8: factor | K8: Weighted labor rate | L8: =L4*Main!$B$19 + L5*Main!$B$20 + L6*Main!$B$21 -> #VALUE! | M8: THB/month
A9: Capacity / month | B9: =B7*B8 -> 17069.684 | C9: kg | E9: Hole dia | F9: NA | G9: mm
A10: Labor / month | B10: =IF(OR(F4="NA",F4="",NOT(ISNUMBER(F4))),3,F4)*F5 -> 34500 | C10: THB
A11: Electricity / month | B11: =B6*10*Main!$B$9*F7 -> 12870 | C11: THB
A12: Tooling + coolant / month | B12: =B7*2.5*F8 -> 121926.32 | C12: THB | E12: Cost / hole | F12: =IF(B7=0,0,SUM(B10:B14)/B7) -> 3.8642803 | G12: THB/hole
A13: Maintenance / month | B13: =1000000*Main!$B$14/12 -> 2500 | C13: THB | E13: Cost / kg | F13: =IF(B9=0,0,SUM(B10:B14)/B9) -> 11.040801 | G13: THB/kg
A14: Depreciation / month | B14: =1000000/Main!$B$15 -> 16666.667 | C14: THB
H15: Machine Specification
H16: Machine | I16: CNC Gantry Drill
H17: Model | I17: PMZ2016
H18: Work size | I18: 2000x1600 mm
H19: Hole dia | I19: Ø50 mm
H20: Stroke | I20: 180 mm
H21: Spindle | I21: 0-560 rpm

Sheet Press Brake
A1: Press Brake
A3: Calculation | B3: Value | C3: Unit | E3: Machine Inputs | F3: Value | G3: Unit | K3: Labor Mix Model | L3: Rebalance Model | M3: Value | N3: Note | O3: Note
A4: Cycle time used | B4: =IF(OR(F9="NA",F9="",NOT(ISNUMBER(F9))),45,F9) -> 45 | C4: sec/pc | E4: Manpower | F4: 2 | G4: persons | K4: Operator mix % | L4: OEE | M4: 0.7 | N4: Bending OEE | O4: 1 - lost time
A5: Working hrs / month | B5: =Main!$B$8*F6 -> 277.2 | C5: hr | E5: Labor rate / person | F5: =Main!$B$19 -> 17250 | G5: THB/month | K5: Skilled mix % | L5: Utilization | M5: 0.8 | N5: Setup/loading | O5: speed loss
A6: Pieces / month | B6: =3600/B4*B5 -> 22176 | C6: pc | E6: Efficiency | F6: 0.7 | G6: ratio | K6: Group Head mix % | L6: Effective factor | M6: =M4*M5 -> 0.56 | N6: Used in cap only | O6: good output ratio
A7: kg / pc used | B7: =IF(OR(F10="NA",F10="",NOT(ISNUMBER(F10))),18,F10) -> 18 | C7: kg/pc | E7: Power factor | F7: 1 | G7: factor | K7: Mix check | L7: =SUM(L4:L6) -> 0 | M7: OEE | N7: =N4*N5*N6 -> #VALUE! | O7: A*P*Q
A8: Capacity / month | B8: =B6*B7 -> 399168 | C8: kg | E8: Consumable factor | F8: 1 | G8: factor | K8: Weighted labor rate | L8: =L4*Main!$B$19 + L5*Main!$B$20 + L6*Main!$B$21 -> #VALUE! | M8: THB/month
A9: Labor / month | B9: =IF(OR(F4="NA",F4="",NOT(ISNUMBER(F4))),3,F4)*F5 -> 34500 | C9: THB | E9: Cycle time | F9: NA | G9: sec/pc
A10: Electricity / month | B10: =B5*22*Main!$B$9*F7 -> 30492 | C10: THB | E10: kg / pc | F10: NA | G10: kg/pc
A11: Tooling + setup / month | B11: =B6*4*F8 -> 88704 | C11: THB
A12: Maintenance / month | B12: =2200000*Main!$B$14/12 -> 5500 | C12: THB | E12: Cost / pc | F12: =IF(B6=0,0,SUM(B9:B13)/B6) -> 8.832191 | G12: THB/pc
A13: Depreciation / month | B13: =2200000/Main!$B$15 -> 36666.667 | C13: THB | E13: Cost / kg | F13: =IF(B8=0,0,SUM(B9:B13)/B8) -> 0.49067728 | G13: THB/kg
H15: Machine Specification
H16: Machine | I16: Press Brake
H17: Model | I17: NC 20032
H18: Bending force | I18: ~200 ton
H19: Length | I19: ~3200 mm
H20: Type | I20: NC hydraulic
H21: Use | I21: Plate bending

Sheet Hydraulic Press
A1: Hydraulic Press
A3: Calculation | B3: Value | C3: Unit | E3: Machine Inputs | F3: Value | G3: Unit | K3: Labor Mix Model | L3: Rebalance Model | M3: Value | N3: Note | O3: Note
A4: Cycle time used | B4: =IF(OR(F9="NA",F9="",NOT(ISNUMBER(F9))),20,F9) -> 20 | C4: sec/pc | E4: Manpower | F4: 2 | G4: persons | K4: Operator mix % | L4: OEE | M4: 0.72 | N4: Press OEE | O4: 1 - lost time
A5: Working hrs / month | B5: =Main!$B$8*F6 -> 297 | C5: hr | E5: Labor rate / person | F5: =Main!$B$19 -> 17250 | G5: THB/month | K5: Skilled mix % | L5: Utilization | M5: 0.82 | N5: Loading realism | O5: speed loss
A6: Pieces / month | B6: =3600/B4*B5 -> 53460 | C6: pc | E6: Efficiency | F6: 0.75 | G6: ratio | K6: Group Head mix % | L6: Effective factor | M6: =M4*M5 -> 0.5904 | N6: Used in cap only | O6: good output ratio
A7: kg / pc used | B7: =IF(OR(F10="NA",F10="",NOT(ISNUMBER(F10))),6,F10) -> 6 | C7: kg/pc | E7: Power factor | F7: 1 | G7: factor | K7: Mix check | L7: =SUM(L4:L6) -> 0 | M7: OEE | N7: =N4*N5*N6 -> #VALUE! | O7: A*P*Q
A8: Capacity / month | B8: =B6*B7 -> 320760 | C8: kg | E8: Consumable factor | F8: 1 | G8: factor | K8: Weighted labor rate | L8: =L4*Main!$B$19 + L5*Main!$B$20 + L6*Main!$B$21 -> #VALUE! | M8: THB/month
A9: Labor / month | B9: =IF(OR(F4="NA",F4="",NOT(ISNUMBER(F4))),3,F4)*F5 -> 34500 | C9: THB | E9: Cycle time | F9: NA | G9: sec/pc
A10: Electricity / month | B10: =B5*7.5*Main!$B$9*F7 -> 11137.5 | C10: THB | E10: kg / pc | F10: NA | G10: kg/pc
A11: Oil + tooling / month | B11: =B6*1.5*F8 -> 80190 | C11: THB
A12: Maintenance / month | B12: =750000*Main!$B$14/12 -> 1875 | C12: THB | E12: Cost / pc | F12: =IF(B6=0,0,SUM(B9:B13)/B6) -> 2.6225683 | G12: THB/pc
A13: Depreciation / month | B13: =750000/Main!$B$15 -> 12500 | C13: THB | E13: Cost / kg | F13: =IF(B8=0,0,SUM(B9:B13)/B8) -> 0.43709471 | G13: THB/kg
H15: Machine Specification
H16: Machine | I16: Hydraulic Press
H17: Model | I17: AMADA TP-110C
H18: Capacity | I18: 110 ton
H19: Motor | I19: 7.5 kW
H20: Stroke | I20: 35-65 spm
H21: Air | I21: 5.0 kgf/cm2

Sheet Straightening Machine
A1: Straightening Machine
A3: Calculation | B3: Value | C3: Unit | E3: Machine Inputs | F3: Value | G3: Unit | K3: Labor Mix Model | L3: Rebalance Model | M3: Value | N3: Note | O3: Note
A4: Straightening speed used | B4: =IF(OR(F9="NA",F9="",NOT(ISNUMBER(F9))),18,F9) -> 18 | C4: m/min | E4: Manpower | F4: 2 | G4: persons | K4: Operator mix % | L4: OEE | M4: 0.55 | N4: Straightening realistic OEE | O4: 1 - lost time
A5: Length factor used | B5: =IF(OR(F10="NA",F10="",NOT(ISNUMBER(F10))),0.06,F10) -> 0.06 | C5: m/kg | E5: Labor rate / person | F5: =Main!$B$19 -> 17250 | G5: THB/month | K5: Skilled mix % | L5: Utilization | M5: 0.4 | N5: Non-continuous loading | O5: speed loss
A6: Working hrs / month | B6: =Main!$B$8*F6 -> 277.2 | C6: hr | E6: Efficiency | F6: 0.7 | G6: ratio | K6: Group Head mix % | L6: Effective factor | M6: =M4*M5 -> 0.22 | N6: Used in cap only | O6: good output ratio
A7: Length / month | B7: =B4*60*B6/6 -> 49896 | C7: m | E7: Power factor | F7: 1 | G7: factor | K7: Mix check | L7: =SUM(L4:L6) -> 0 | M7: OEE | N7: =N4*N5*N6 -> #VALUE! | O7: A*P*Q
A8: Capacity / month | B8: =B7/B5*$M$6 -> 182952 | C8: kg | E8: Consumable factor | F8: 1 | G8: factor | K8: Weighted labor rate | L8: =L4*Main!$B$19 + L5*Main!$B$20 + L6*Main!$B$21 -> #VALUE! | M8: THB/month
A9: Labor / month | B9: =IF(OR(F4="NA",F4="",NOT(ISNUMBER(F4))),3,F4)*F5 -> 34500 | C9: THB | E9: Straightening speed | F9: NA | G9: m/min
A10: Electricity / month | B10: =B6*22*Main!$B$9*F7 -> 30492 | C10: THB | E10: Length factor | F10: NA | G10: m/kg
A11: Other / month | B11: =B7*1.2*F8 -> 59875.2 | C11: THB
A12: Maintenance / month | B12: =2200000*Main!$B$14/12 -> 5500 | C12: THB | E12: Cost / m | F12: =IF(B7=0,0,SUM(B9:B13)/B7) -> 3.3476404 | G12: THB/m
A13: Depreciation / month | B13: =2200000/Main!$B$15 -> 36666.667 | C13: THB | E13: Cost / kg | F13: =IF(B8=0,0,SUM(B9:B13)/B8) -> 0.91299284 | G13: THB/kg
H15: Machine Specification
H16: Machine | I16: Flange Straightener
H17: Model | I17: JZJ-800
H18: Flange width | I18: 200-800 mm
H19: Flange t | I19: 6-40 mm
H20: Speed | I20: 18 m/min
H21: Motor | I21: 22 kW

Sheet Rod Threading Machine
A1: Rod Threading Machine
A3: Calculation | B3: Value | C3: Unit | E3: Machine Inputs | F3: Value | G3: Unit
A4: OD used | B4: =IF(OR(F9="NA",F9="",NOT(ISNUMBER(F9))),AVERAGE(8,25),MAX(8,MIN(25,F9))) -> 16.5 | C4: mm | E4: Manpower | F4: 1 | G4: persons
A5: Thread length used | B5: =IF(OR(F10="NA",F10="",NOT(ISNUMBER(F10))),AVERAGE(100,200),MAX(100,MIN(200,F10))) -> 150 | C5: mm | E5: Labor rate / person | F5: =Main!B19 -> 17250 | G5: THB/month
A6: Cycle time used | B6: =25+(B4-8)*1.6+(B5-100)*0.12 -> 44.6 | C6: sec/pc | E6: Efficiency | F6: 0.8 | G6: ratio
A7: Working hrs / month | B7: =Main!B8*F6 -> 316.8 | C7: hr | E7: Power factor | F7: 1 | G7: factor
A8: Pieces / month | B8: =3600/B6*B7 -> 25571.3 | C8: pc | E8: Consumable factor | F8: 1 | G8: factor
A9: kg / pc used | B9: =0.006165*B4*B4*(B5/1000) -> 0.25176319 | C9: kg/pc | E9: OD | F9: NA | G9: mm
A10: Capacity / month | B10: =B8*B9 -> 6437.9121 | C10: kg | E10: Thread length | F10: NA | G10: mm
A11: Labor / month | B11: =F4*F5 -> 17250 | C11: THB
A12: Electricity / month | B12: =B7*1.14*Main!B9*F7 -> 1805.76 | C12: THB | E12: Cost / pc | F12: =IF(B8=0,0,SUM(B10:B15)/B8) -> 1.9843488 | G12: THB/pc
A13: Tooling + die / month | B13: =B8*0.8*F8 -> 20457.04 | C13: THB | E13: Cost / kg | F13: =IF(B10=0,0,SUM(B10:B15)/B10) -> 7.8818068 | G13: THB/kg
A14: Maintenance / month | B14: =250000*Main!B14/12 -> 625 | C14: THB
A15: Depreciation / month | B15: =250000/Main!B15 -> 4166.6667 | C15: THB | I15: Machine Specification
I16: Machine | J16: ASADA Bolt Machine 25Pro
I17: Motor | J17: Universal Motor BE-80
I18: Power | J18: 1140 W
I19: Voltage | J19: 220-240 V, 1 Phase
I20: Current | J20: 9 A
I21: Frequency | J21: 50-60 Hz
I22: OD range | J22: 8-25 mm
I23: Thread length | J23: 100-200 mm
I24: Machine No. | J24: MC-T-01
I25: Asset No. | J25: 7220100018

Sheet Lookups_Pipe
A1: PIPE LOOKUP TABLE
A2: Pipe Size (inch) | B2: OD (mm) | C2: Thickness (mm) | D2: Speed (m/min) | E2: O2 | F2: Fuel | G2: Consumable | I2: Rule
A3: 1.5 | B3: 48.3 | C3: 3 | D3: 0.26 | E3: 0 | F3: 0 | G3: 6 | I3: NA thickness -> average within same size
A4: 1.5 | B4: 48.3 | C4: 4.5 | D4: 0.22 | E4: 0 | F4: 0 | G4: 7 | I4: Non-exact thickness -> interpolate
A5: 1.5 | B5: 48.3 | C5: 6 | D5: 0.18 | E5: 0 | F5: 0 | G5: 8 | I5: Out of range -> closest
A6: 2 | B6: 60.3 | C6: 3 | D6: 0.24 | E6: 0 | F6: 0 | G6: 6
A7: 2 | B7: 60.3 | C7: 4.5 | D7: 0.2 | E7: 0 | F7: 0 | G7: 7
A8: 2 | B8: 60.3 | C8: 6 | D8: 0.17 | E8: 0 | F8: 0 | G8: 8
A9: 3 | B9: 88.9 | C9: 4.5 | D9: 0.19 | E9: 0 | F9: 0 | G9: 8
A10: 3 | B10: 88.9 | C10: 6 | D10: 0.16 | E10: 0 | F10: 0 | G10: 9
A11: 3 | B11: 88.9 | C11: 8 | D11: 0.13 | E11: 0 | F11: 0 | G11: 10
A12: 4 | B12: 114.3 | C12: 4.5 | D12: 0.17 | E12: 0 | F12: 0 | G12: 8
A13: 4 | B13: 114.3 | C13: 6 | D13: 0.14 | E13: 0 | F13: 0 | G13: 10
A14: 4 | B14: 114.3 | C14: 8 | D14: 0.11 | E14: 0 | F14: 0 | G14: 12
A15: 6 | B15: 168.3 | C15: 6 | D15: 0.12 | E15: 0 | F15: 0 | G15: 11
A16: 6 | B16: 168.3 | C16: 8 | D16: 0.1 | E16: 0 | F16: 0 | G16: 13
A17: 6 | B17: 168.3 | C17: 10 | D17: 0.085 | E17: 0 | F17: 0 | G17: 15
... A26: 12 | B26: 323.9 | C26: 12 | D26: 0.052 | E26: 0 | F26: 0 | G26: 20

Sheet Lookups
A1: PLATE PLASMA LOOKUP | I1: PLATE GAS LOOKUP | P1: DRILL LOOKUP
A2: Thickness mm | B2: Speed m/min | C2: kWh/m | D2: Air Nm3/m | E2: Consumable THB/m | F2: kg/m factor | G2: Range Avg | I2: Thickness mm | J2: Speed m/min | K2: O2 m3/m | L2: Fuel m3/m | M2: Consumable THB/m | N2: kg/m factor | P2: Hole Dia mm | Q2: Sec / hole
A3: 5 | B3: 4.2 | C3: 0.07 | D3: 0.022 | E3: 9 | F3: 13.74 | I3: 21 | J3: 0.95 | K3: 0.22 | L3: 0.04 | M3: 18 | N3: 57.7 | P3: 10 | Q3: 9
A4: 6 | B4: 3.8 | C4: 0.078 | D4: 0.024 | E4: 10 | F4: 16.49 | I4: 25 | J4: 0.75 | K4: 0.26 | L4: 0.05 | M4: 22 | N4: 68.69 | P4: 12 | Q4: 10
A5: 8 | B5: 3.2 | C5: 0.09 | D5: 0.026 | E5: 11 | F5: 21.98 | I5: 30 | J5: 0.6 | K5: 0.3 | L5: 0.06 | M5: 28 | N5: 82.42 | P5: 16 | Q5: 13
A6: 10 | B6: 2.8 | C6: 0.103 | D6: 0.028 | E6: 12 | F6: 27.48 | I6: 40 | J6: 0.45 | K6: 0.42 | L6: 0.08 | M6: 38 | N6: 109.9 | P6: 20 | Q6: 17
A7: 12 | B7: 2.4 | C7: 0.116 | D7: 0.03 | E7: 13 | F7: 32.97 | P7: 22 | Q7: 19
A8: 16 | B8: 1.9 | C8: 0.135 | D8: 0.033 | E8: 15 | F8: 43.96 | P8: 26 | Q8: 24
A9: 20 | B9: 1.4 | C9: 0.162 | D9: 0.038 | E9: 18 | F9: 54.95 | P9: 32 | Q9: 36
P10: 40 | Q10: 55
P11: 50 | Q11: 80
